pc_hex,dynamic_count
0x00000000,1
0x00000004,1
0x00000008,1
0x0000000c,1
0x00000010,1
0x00000014,1
0x00000018,1
0x0000001c,28
0x00000020,28
0x00000024,28
0x00000028,1
0x0000002c,1
0x00000030,3240
0x00000034,3240
0x00000038,3240
0x0000003c,3240
0x00000040,3240
0x00000044,3240
0x00000048,3240
0x0000004c,3240
0x00000050,3240
0x00000054,3240
0x00000058,3240
0x0000005c,3240
0x00000060,3240
0x00000064,3240
0x00000068,3240
0x0000006c,3240
0x00000070,3240
0x00000074,3240
0x00000078,3240
0x0000007c,3240
0x00000080,3240
0x00000084,3240
0x00000088,3240
0x0000008c,3240
0x00000090,3240
0x00000094,3240
0x00000098,3240
0x0000009c,3240
0x000001a0,3240
0x00000264,3240
0x00000268,3240
0x0000026c,3240
0x000002ac,3240
0x000002b0,3240
0x000002b4,3240
0x000002b8,3240
0x000002bc,3240
0x000002c0,3240
0x000002dc,3240
0x000002e0,3240
0x000002e4,3240
0x000002e8,3240
0x000002ec,3240
0x000002f0,3240
0x000002f4,3240
0x000002f8,3240
0x000002fc,3240
0x00000300,3240
0x00000304,3240
0x00000308,3240
0x0000030c,3240
0x00000310,3240
0x00000314,3240
0x00000318,3240
0x00000330,3240
0x00000334,3240
0x00000338,3240
0x0000033c,3240
0x00000340,3240
0x00000344,3240
0x00000348,3240
0x0000034c,3240
0x00000350,3240
0x00000354,3240
0x00000358,3240
0x0000035c,3240
0x0000037c,3240
0x00000380,3240
0x0000077c,3240
0x00000780,3240
0x00000784,3240
0x00000788,3240
0x0000078c,3240
0x00000790,3240
0x00000794,3240
0x00000798,3240
0x0000079c,3240
0x000007a0,3240
0x000007a4,3240
0x000007a8,3240
0x000007ac,3240
0x000007b0,3240
0x000007b4,3240
0x000007d4,3240
0x000007d8,3240
0x000007dc,3240
0x000007e0,3240
0x000007ec,3240
0x000007f0,3240
0x000007f4,3240
0x00000808,3240
0x0000080c,3240
0x00000810,3240
0x00000814,3240
0x00000854,3240
0x00000858,3240
0x0000085c,3240
0x00000860,3240
0x00000864,3240
0x00000868,3240
0x0000086c,3240
0x00000870,3240
0x00000874,3240
0x00000878,3240
0x0000087c,3240
0x00000880,3240
0x00000884,3240
0x00000888,3240
0x0000088c,3240
0x00000890,3240
0x00000894,3240
0x00000898,3240
0x0000089c,3240
0x000008a0,3240
0x000008a4,3240
0x000008a8,3240
0x000008ac,3240
0x000008b0,3240
0x000008b4,3240
0x000008b8,3240
0x000008bc,3240
0x000008c0,3240
0x000008c4,3240
0x000008c8,3240
0x000008cc,3240
0x000008d0,3240
0x000008d4,3240
0x000008d8,3240
0x000008dc,3240
0x000008e0,3240
0x000008e4,3240
0x000008e8,3240
0x000008ec,3240
0x000008f0,3240
0x000008f4,3240
0x000008f8,3240
0x000008fc,3240
0x00000900,3240
0x00000904,3240
0x00000908,3240
0x0000090c,3240
0x00000910,3240
0x00000914,3240
0x00000918,3240
0x0000091c,3240
0x00000920,3240
0x00000924,3240
0x00000928,3240
0x0000092c,3240
0x00000930,3240
0x00000934,3240
0x00000ae0,3240
0x00000ae4,3240
0x00000ae8,3240
0x00000aec,3240
0x00000af0,3240
0x00000af4,3240
0x00000af8,3240
0x00000afc,3240
0x00000b00,3240
0x00000b04,3240
0x00000b08,3240
0x00000b0c,3240
0x00000b10,3240
0x00000b14,3240
0x00000b18,3240
0x00000b1c,3240
0x00000b20,3240
0x00000b24,3240
0x00000b28,3240
0x00000b2c,3240
0x00000b30,3240
0x00000b34,3240
0x00000b38,3240
0x00000b3c,3240
0x00000b40,3240
0x00000b44,3240
0x00000b50,3240
0x00000b54,3240
0x00000b58,3240
0x00000b5c,3240
0x00000b60,3240
0x00000b64,3240
0x00000b68,3240
0x00000b6c,3240
0x00000b70,3240
0x00000b74,3240
0x00000b78,3240
0x00000b7c,3240
0x00000b80,3240
0x00000b84,3240
0x00000b88,3240
0x00000b8c,3240
0x00000b90,3240
0x00000b94,3240
0x00000b98,3240
0x00000b9c,3240
0x00000ba0,3240
0x00000ba4,3240
0x00000ba8,3240
0x00000bac,3240
0x00000bb0,3240
0x00000bb4,3240
0x00000bb8,3240
0x00000bc4,3240
0x00000bc8,3240
0x00000bcc,3240
0x00000bd0,3240
0x00000bd4,3240
0x00000bd8,3240
0x00000bdc,3240
0x00000be0,3240
0x00000be4,3240
0x00000be8,3240
0x00000bec,3240
0x00000bf0,3240
0x00000bf4,3240
0x00000bf8,3240
0x00000bfc,3240
0x00000c00,3240
0x00000c04,3240
0x00000c08,3240
0x00000c0c,3240
0x00000c10,3240
0x00000c14,3240
0x00000c18,3240
0x00000c1c,3240
0x00000c20,3240
0x00000c24,3240
0x00000c28,3240
0x00000c2c,3240
0x00000c30,3240
0x00000c34,3240
0x00000c40,3240
0x00000c44,3240
0x00000c48,3240
0x00000c4c,3240
0x00000c50,3240
0x00000c54,3240
0x00000c58,3240
0x00000c5c,3240
0x00000c60,3240
0x00000c64,3240
0x00000c68,3240
0x00000c6c,3240
0x00000c70,3240
0x00000c74,3240
0x00000c78,3240
0x00000c7c,3240
0x00000c80,3240
0x00000c84,3240
0x00000c88,3240
0x00000c8c,3240
0x00000c90,3240
0x00000c94,3240
0x00000c98,3240
0x00000c9c,3240
0x00000ca0,3240
0x00000ca4,3240
0x00000cb0,3240
0x00000cb4,3240
0x00000cb8,3240
0x00000cbc,3240
0x00000cc0,3240
0x00000cc4,3240
0x00000cc8,3240
0x00000ccc,3240
0x00000cd0,3240
0x00000cd4,3240
0x00000cd8,3240
0x00000cdc,3240
0x00000ce0,3240
0x00000ce4,3240
0x00000ce8,3240
0x00000cec,3240
0x00000cf0,3240
0x00000cf4,3240
0x00000cf8,3240
0x00000cfc,3240
0x00000d00,3240
0x00000d04,3240
0x00000d08,3240
0x00000d0c,3240
0x00000d10,3240
0x00000d14,3240
0x00000d18,3240
0x00000d1c,3240
0x00000d20,3240
0x00000d24,3240
0x00000d28,3240
0x00000d2c,3240
0x00000d30,3240
0x00000d34,3240
0x00000d50,3240
0x00000d54,3240
0x00000d58,3240
0x00000d5c,3240
0x00000d7c,3240
0x00000d80,3240
0x00000d94,3240
0x00000d98,3240
0x00000d9c,3240
0x00000da0,3240
0x00000da4,3240
0x00000da8,3240
0x00000dac,3240
0x00000db0,3240
0x00000db4,3240
0x00000db8,3240
0x00000dbc,3240
0x00000dc0,3240
0x00000dc4,3240
0x00000dc8,3240
0x00000dcc,3240
0x00000dd0,3240
0x00000dd4,3240
0x00000dd8,3240
0x00000ddc,3240
0x00000de0,3240
0x00000de4,3240
0x00000de8,3240
0x00000dec,3240
0x00000df0,3240
0x00000df4,3240
0x00000df8,3240
0x00000ef0,3240
0x00000ef4,3240
0x00000ef8,3240
0x00000efc,3240
0x00000f00,3240
0x00000f04,3240
0x00000f08,3240
0x00000f0c,3240
0x00000f10,3240
0x00000f14,3240
0x00000f18,3240
0x00000f1c,3240
0x00000f20,3240
0x00000f24,3240
0x00000f28,3240
0x00000f2c,3240
0x00000f30,3240
0x00000f34,3240
0x00000f38,3240
0x00000f3c,3240
0x00000f40,3240
0x00000f44,3240
0x00000f48,3240
0x00000f4c,3240
0x00000f50,3240
0x00000f54,3240
0x00000f60,3240
0x00000f64,3240
0x00000f68,3240
0x00000f6c,3240
0x00001180,3240
0x00001184,3240
0x00001188,3240
0x0000118c,3240
0x00001190,3240
0x00001194,3240
0x000011b0,3240
0x000011b4,3240
0x000011b8,3240
0x000011bc,3240
0x000011c0,3240
0x000011c4,3240
0x000011c8,3240
0x000011cc,3240
0x000011d0,3240
0x000011d4,3240
0x000011d8,3240
0x000011dc,3240
0x000011e0,3240
0x000011e4,3240
0x000011e8,3240
0x000011ec,3240
0x0000122c,3240
0x00001230,3240
0x00001250,3240
0x00001254,3240
0x00001274,3240
0x00001354,3240
0x00001440,3240
0x00001444,3240
0x00001448,3240
0x000014e8,3240
0x000014ec,3240
0x000014f0,3240
0x000014f4,3240
0x000014f8,3240
0x000014fc,3240
0x00001500,3240
0x00001518,3240
0x0000151c,3240
0x00001520,3240
0x00001524,3240
0x00001528,3240
0x0000152c,3240
0x00001530,3240
0x00001534,3240
0x00001538,3240
0x0000153c,3240
0x00001540,3240
0x0000157c,3240
0x00001580,3240
0x000015e8,3240
0x000015ec,3240
0x000015f0,3240
0x000015f4,3240
0x000015f8,3240
0x00001650,6480
0x00001654,6480
0x00001658,6480
0x0000165c,6480
0x00001660,6480
0x00001664,6480
0x00001668,6480
0x0000166c,6480
0x00001670,6480
0x00001674,6480
0x00001688,6480
0x0000168c,6480
0x00001690,6480
0x000016ac,6480
0x000016b8,6480
0x000016bc,6480
0x000016c0,6480
0x000016c8,6480
0x000016cc,6480
0x000016d0,6480
0x000016d4,6480
0x000016d8,6480
0x000016dc,6480
0x000016e0,6480
0x000016e4,6480
0x000016e8,6480
0x000016ec,6480
0x000016f0,6480
0x000016f4,6480
0x000016f8,6480
0x000016fc,6480
0x00001700,6480
0x00001704,6480
0x00001708,6480
0x00001720,6480
0x00001724,6480
0x00001728,6480
0x0000172c,6480
0x00001730,6480
0x00001734,6480
0x00001738,6480
0x0000173c,6480
0x00001740,6480
0x00001744,6480
0x00001748,6480
0x0000174c,6480
0x00001750,6480
0x00001754,6480
0x00001758,6480
0x0000175c,6480
0x0000176c,740
0x00001770,740
0x00001774,740
0x00001778,740
0x0000177c,740
0x00001780,740
0x00001784,740
0x00001788,740
0x0000178c,740
0x00001790,740
0x00001794,740
0x00001798,740
0x0000179c,740
0x000017a0,740
0x000017a4,740
0x000017a8,740
0x000017ac,740
0x000017b0,740
0x000017b4,740
0x000017b8,362
0x000017bc,29
0x000017c0,29
0x000017e4,740
0x000017e8,740
0x000017ec,29
0x000017f0,29
0x000017f4,29
0x000017f8,29
0x000017fc,29
0x00001800,29
0x00001804,29
0x00001808,29
0x0000180c,29
0x00001810,29
0x00001814,29
0x00001818,29
0x0000181c,29
0x00001820,29
0x00001824,294
0x00001828,294
0x0000182c,37
0x00001830,37
0x00001834,37
0x00001838,37
0x0000183c,37
0x00001840,37
0x00001844,37
0x00001848,37
0x0000184c,37
0x00001850,37
0x00001854,333
0x00001858,265
0x0000185c,265
0x00001860,265
0x0000187c,265
0x00001880,265
0x00001884,265
0x00001888,265
0x0000188c,265
0x00001890,265
0x00001894,265
0x00001898,265
0x0000189c,265
0x000018a0,265
0x000018a4,265
0x000018a8,265
0x000018ac,265
0x000018b0,265
0x000018b4,265
0x000018b8,265
0x000018bc,68
0x000018c0,68
0x000018c4,68
0x000018f4,740
0x000018f8,740
0x000018fc,740
0x00001900,740
0x00001904,740
0x00001908,740
0x0000190c,740
0x00001910,740
0x00001914,740
0x00001918,740
0x0000191c,740
0x00001920,740
0x00001924,740
0x00001938,68
0x0000193c,68
0x00001940,68
0x00001944,68
0x00001948,68
0x0000194c,740
0x00001950,740
0x00001954,582
0x00001958,582
0x0000195c,582
0x00001960,484
0x00001964,740
0x00001968,740
0x0000198c,378
0x00001990,51
0x000019b4,51
0x000019b8,51
0x000019bc,51
0x000019c0,51
0x000019c4,51
0x000019c8,51
0x000019cc,51
0x000019d0,51
0x000019d4,51
0x000019d8,51
0x000019dc,365
0x000019e0,365
0x000019e4,148
0x000019e8,148
0x000019ec,148
0x000019f0,148
0x000019f4,51
0x000019f8,51
0x000019fc,51
0x00001a00,51
0x00001a04,51
0x00001a08,51
0x00001a0c,327
0x00001a10,314
0x00001a14,314
0x00001a40,314
0x00001a44,314
0x00001a48,314
0x00001a4c,314
0x00001a50,314
0x00001a54,314
0x00001a58,314
0x00001a5c,314
0x00001a60,314
0x00001a64,314
0x00001a68,314
0x00001a6c,314
0x00001a70,314
0x00001a74,314
0x00001a78,314
0x00001a7c,314
0x00001a80,314
0x00001a84,314
0x00001a88,13
0x00001a8c,13
0x00001a90,13
0x00001aa8,740
0x00001aac,740
0x00001ab0,740
0x00001b0c,13
0x00001b10,13
0x00001b14,13
0x00001b18,7
0x00001b1c,7
0x00001b20,161
0x00001b24,161
0x00001b28,161
0x00001b2c,161
0x00001b30,161
0x00001b58,6
0x00001b64,161
0x00001b68,161
0x00001b6c,161
0x00001b70,161
0x00001b74,161
0x00001b98,370
0x00001b9c,370
0x00001ba0,370
0x00001ba4,370
0x00001ba8,370
0x00001bac,370
0x00001bb0,370
0x00001bb4,370
0x00001bb8,370
0x00001bbc,370
0x00001bc0,370
0x00001bc4,370
0x00001bc8,370
0x00001bcc,370
0x00001bd0,370
0x00001bd4,370
0x00001bd8,370
0x00001bdc,370
0x00001be0,370
0x00001be4,370
0x00001be8,370
0x00001bec,370
0x00001bf0,370
0x00001bf4,370
0x00001bf8,370
0x00001bfc,370
0x00001c00,370
0x00001c04,370
0x00001c08,370
0x00001c0c,370
0x00001c10,370
0x00001c14,370
0x00001c18,370
0x00001c1c,370
0x00001c20,370
0x00001c24,370
0x00001c28,370
0x00001c2c,370
0x00001c30,370
0x00001c34,370
0x00001c38,370
0x00001c3c,370
0x00001c40,370
0x00001c44,370
0x00001c48,370
0x00001cdc,370
0x00001ce0,370
0x00001ce4,207
0x00001ce8,207
0x00001cec,370
0x00001cf0,370
0x00001cf4,370
0x00001cf8,370
0x00001cfc,370
0x00001d00,370
0x00001d04,370
0x00001d08,370
0x00001d0c,370
0x00001d10,370
0x00001d14,370
0x00001d18,370
0x00001d1c,370
0x00001d20,370
0x00001d24,370
0x00001d28,370
0x00001d2c,370
0x00001d30,370
0x00001d44,370
0x00001d48,370
0x00001d4c,370
0x00001d50,370
0x00001d54,370
0x00001d58,370
0x00001d5c,370
0x00001d60,370
0x00001d64,370
0x00001d68,370
0x00001d6c,370
0x00001d70,370
0x00001d74,370
0x00001d78,370
0x00001d7c,141
0x00001d80,141
0x00001d84,141
0x00001d88,141
0x00001d8c,78
0x00001d90,141
0x00001d94,370
0x00001d98,370
0x00001d9c,370
0x00001da0,370
0x00001da4,370
0x00001da8,370
0x00001dac,370
0x00001db0,370
0x00001db4,370
0x00001db8,370
0x00001dbc,370
0x00001dc0,370
0x00001dc4,370
0x00001dc8,370
0x00001dcc,370
0x00001de0,370
0x00001de4,370
0x00001de8,370
0x00001dec,370
0x00001df0,370
0x00001df4,370
0x00001df8,370
0x00001dfc,370
0x00001e00,370
0x00001e04,370
0x00001e08,370
0x00001e0c,370
0x00001e10,370
0x00001e14,370
0x00001e18,370
0x00001e1c,370
0x00001e20,370
0x00001e24,370
0x00001e28,370
0x00001e2c,370
0x00001e30,370
0x00001e34,163
0x00001e38,163
0x00001e3c,163
0x00001f0c,360
0x00001f10,360
0x00001f14,360
0x00001f18,360
0x00001f1c,360
0x00001f20,360
0x00001f24,360
0x00001f28,360
0x00001f2c,360
0x00001f30,360
0x00001f34,360
0x00001f38,360
0x00001f3c,360
0x00001f40,360
0x00001f44,360
0x00001f54,360
0x00001f58,360
0x00001f5c,360
0x00001f70,360
0x00001f74,360
0x00001f78,360
0x00001f7c,360
0x00001fa4,3250
0x00001fa8,3250
0x00001fac,3250
0x00001fb0,3250
0x00001fb4,3250
0x00001fb8,3250
0x00001fbc,3250
0x00001fc0,3250
0x00001fc4,3250
0x00001fc8,1876
0x00001fcc,1876
0x00001fd0,1876
0x00001fd4,3250
0x00001fd8,3250
0x00001fdc,3250
0x00001fe0,1558
0x00001fe4,1558
0x00001fe8,1558
0x00001fec,3250
0x00001ff0,3250
0x00001ff4,3250
0x00002000,279
0x00002004,279
0x00002008,3250
0x0000200c,1519
0x00002010,1519
0x00002014,1519
0x00002018,3250
0x0000201c,2325
0x00002020,1748
0x00002024,279
0x00002028,279
0x0000202c,1478
0x00002030,1461
0x00002034,1461
0x00002038,1452
0x0000203c,370
0x00002040,370
0x00002044,370
0x00002048,370
0x0000204c,370
0x00002050,370
0x00002054,370
0x00002058,370
0x0000205c,370
0x00002060,370
0x00002064,370
0x00002068,370
0x0000206c,370
0x00002070,370
0x00002074,370
0x00002078,370
0x0000207c,370
0x00002080,370
0x00002084,370
0x00002088,370
0x0000208c,370
0x00002090,370
0x00002094,370
0x00002098,370
0x0000209c,370
0x000020a0,370
0x000020a4,370
0x000020a8,370
0x000020ac,370
0x000020b0,370
0x000020b4,370
0x000020b8,370
0x000020bc,370
0x000020c0,370
0x000020c4,370
0x000020c8,370
0x000020cc,370
0x000020d0,370
0x000020d4,370
0x000020d8,370
0x000020dc,370
0x000020e0,370
0x000020e4,370
0x000020e8,370
0x000020ec,370
0x000020f0,370
0x000020f4,370
0x000020f8,370
0x000020fc,370
0x00002100,370
0x00002104,370
0x00002108,370
0x0000210c,370
0x00002110,370
0x00002114,370
0x00002118,370
0x0000211c,370
0x00002120,370
0x00002124,370
0x00002128,370
0x0000212c,370
0x00002130,370
0x00002134,370
0x00002138,370
0x0000213c,370
0x00002140,370
0x00002144,370
0x00002148,370
0x0000214c,370
0x00002150,370
0x00002154,370
0x00002158,370
0x00002164,370
0x00002168,370
0x0000216c,370
0x00002170,370
0x00002174,370
0x00002178,370
0x0000217c,370
0x00002180,370
0x00002184,370
0x00002188,370
0x0000218c,370
0x00002190,370
0x00002194,370
0x00002198,370
0x0000219c,236
0x000021a0,236
0x000021a4,236
0x000021a8,370
0x000021ac,370
0x000021b0,370
0x000021b4,370
0x000021b8,370
0x000021bc,370
0x000021c0,370
0x000021c4,370
0x000021c8,370
0x000021cc,370
0x000021e0,370
0x000021e4,370
0x000021e8,370
0x000021ec,370
0x000021f0,370
0x000021f4,370
0x000021f8,370
0x000021fc,370
0x00002200,370
0x00002204,370
0x00002208,370
0x0000220c,370
0x00002210,370
0x00002214,370
0x00002218,370
0x0000221c,370
0x00002220,370
0x00002224,370
0x00002300,134
0x00002304,134
0x00002384,370
0x00002388,370
0x0000238c,370
0x00002390,370
0x00002394,370
0x00002398,370
0x0000239c,370
0x000023a0,370
0x000023a4,370
0x000023a8,370
0x000023ac,370
0x000023b0,370
0x000023b4,370
0x000023b8,370
0x000023bc,370
0x000023c0,370
0x000023c4,370
0x000023c8,370
0x000023cc,370
0x000023d0,370
0x000023d4,370
0x000023d8,370
0x000023dc,370
0x000023e0,370
0x000023e4,87
0x000023e8,36
0x000023ec,36
0x00002410,370
0x00002414,370
0x00002418,36
0x0000241c,36
0x00002420,36
0x00002424,36
0x00002428,36
0x0000242c,36
0x00002430,36
0x00002434,36
0x00002438,36
0x0000243c,36
0x00002440,36
0x00002444,36
0x00002448,36
0x0000244c,36
0x00002450,65
0x00002454,65
0x00002458,31
0x0000245c,31
0x00002460,31
0x00002464,31
0x00002468,31
0x0000246c,31
0x00002470,31
0x00002474,31
0x00002478,31
0x0000247c,31
0x00002480,51
0x00002484,29
0x00002488,29
0x0000248c,29
0x000024a8,29
0x000024ac,29
0x000024b0,29
0x000024b4,29
0x000024b8,29
0x000024bc,29
0x000024c0,29
0x000024c4,29
0x000024c8,29
0x000024cc,29
0x000024d0,29
0x000024d4,29
0x000024d8,29
0x000024dc,29
0x000024e0,29
0x000024e4,29
0x000024e8,22
0x000024ec,22
0x000024f0,22
0x00002520,370
0x00002524,370
0x00002528,370
0x0000252c,370
0x00002530,370
0x00002534,370
0x00002538,370
0x0000253c,370
0x00002540,370
0x00002544,370
0x00002548,370
0x0000254c,370
0x00002550,370
0x00002564,22
0x00002568,22
0x0000256c,22
0x00002570,22
0x00002574,22
0x00002578,370
0x0000257c,370
0x00002580,135
0x00002584,135
0x00002588,135
0x0000258c,105
0x00002590,370
0x00002594,370
0x000025b8,283
0x000025bc,186
0x000025e0,186
0x000025e4,186
0x000025e8,186
0x000025ec,186
0x000025f0,186
0x000025f4,186
0x000025f8,186
0x000025fc,186
0x00002600,186
0x00002604,186
0x00002608,249
0x0000260c,249
0x00002610,170
0x00002614,170
0x00002618,170
0x0000261c,170
0x00002620,186
0x00002624,186
0x00002628,186
0x0000262c,186
0x00002630,186
0x00002634,186
0x00002638,97
0x0000263c,63
0x00002640,63
0x0000266c,63
0x00002670,63
0x00002674,63
0x00002678,63
0x0000267c,63
0x00002680,63
0x00002684,63
0x00002688,63
0x0000268c,63
0x00002690,63
0x00002694,63
0x00002698,63
0x0000269c,63
0x000026a0,63
0x000026a4,63
0x000026a8,63
0x000026ac,63
0x000026b0,63
0x000026b4,34
0x000026b8,34
0x000026bc,34
0x00002724,34
0x00002728,34
0x0000272c,34
0x00002730,15
0x00002734,15
0x00002738,204
0x0000273c,204
0x00002740,204
0x00002744,204
0x00002748,204
0x00002770,19
0x0000277c,204
0x00002780,204
0x00002784,204
0x00002788,204
0x0000278c,204
0x0000279c,370
0x000027a0,370
0x000027a4,370
0x000027c8,1
0x000027cc,1
0x000027d0,1
0x000027d4,1
0x000027d8,1
0x000027dc,1
0x000027e0,1
0x000027e4,1
0x000027e8,1
0x000027ec,1
0x00002800,1
0x00002804,1
0x00002808,1
0x00002814,1
0x00002820,1
0x00002824,1
0x00002828,1
0x0000282c,1
0x00002834,1
0x00002838,3250
0x0000283c,3250
0x00002840,3250
0x00002844,3250
0x00002848,3250
0x0000284c,3250
0x00002850,3250
0x00002854,3250
0x00002858,3250
0x0000285c,3250
0x00002860,3250
0x00002864,3250
0x00002868,3250
0x0000286c,3250
0x00002870,3250
0x00002874,3250
0x00002878,3250
0x0000287c,3250
0x00002880,3250
0x00002884,3250
0x00002888,3250
0x0000288c,3250
0x00002890,3250
0x00002894,3250
0x00002898,3250
0x0000289c,3250
0x000028a0,3250
0x000028a4,3250
0x000028a8,3250
0x000028ac,3250
0x000028b0,3250
0x00002944,54060
0x00002948,54060
0x0000294c,171399
0x00002950,171399
0x00002954,26869
0x00002958,171399
0x0000295c,171399
0x00002960,171399
0x00002964,54060
0x00002970,1480
0x00002974,1480
0x00002978,1480
0x0000297c,1480
0x00002980,1480
0x00002984,1480
0x00002988,19218
0x0000298c,19218
0x00002990,19218
0x00002994,19218
0x00002998,1480
0x0000299c,20698
0x000029a0,9918
0x000029a4,9918
0x000029a8,20698
0x000029ac,20698
0x000029b0,20698
0x000029b4,1480
0x000029b8,740
0x000029bc,740
0x000029c0,740
0x000029c4,740
0x00002a1c,13335
0x00002a20,13335
0x00002a24,9730
0x00002a28,9730
0x00002a2c,9730
0x00002a30,13335
0x00002a34,13335
0x00002a38,13335
0x00002a3c,13335
0x00002a40,13335
0x00002a44,13335
0x00002a48,13335
0x00002a4c,13335
0x00002a50,13335
0x00002a54,3605
0x00002a58,3605
0x00002a5c,3605
0x00002a60,3288
0x00002a64,3288
0x00002a68,3240
0x00002a6c,3240
0x00002a70,3240
0x00002a74,3240
0x00002a78,3240
0x00002a7c,3240
0x00002a80,3240
0x00002a84,3240
0x00002a88,3240
0x00002a8c,3240
0x00002a90,3240
0x00002a94,3240
0x00002a98,3240
0x00002a9c,3240
0x00002aa0,3240
0x00002aa4,3240
0x00002aa8,3240
0x00002aac,3240
0x00002ab0,3240
0x00002ab4,3240
0x00002ab8,3240
0x00002abc,3240
0x00002ac0,3240
0x00002ac4,3240
0x00002ac8,3240
0x00002acc,3240
0x00002ad0,3240
0x00002ad4,3240
0x00002ad8,3240
0x00002adc,3240
0x00002ae0,3240
0x00002ae4,3240
0x00002ae8,3240
0x00002aec,3240
0x00002af0,3240
0x00002af4,3240
0x00002af8,3240
0x00002afc,3240
0x00002b00,3240
0x00002b04,3240
0x00002b08,3240
0x00002b0c,3240
0x00002b10,3240
0x00002b14,3240
0x00002b18,6480
0x00002b1c,6480
0x00002b20,6480
0x00002b24,6480
0x00002b28,6480
0x00002b2c,6480
0x00002b30,6480
0x00002b34,6480
0x00002b38,6480
0x00002b3c,6480
0x00002b40,6480
0x00002b44,6480
0x00002b48,6480
0x00002b4c,6480
0x00002b50,6480
0x00002b54,6480
0x00002b58,6480
0x00002b5c,6480
0x00002b60,6480
0x00002b64,3240
0x00002b68,3240
0x00002b6c,3240
0x00002b70,3240
0x00002b74,3240
0x00002b78,3240
0x00002b7c,3240
0x00002b80,3240
0x00002b84,3240
0x00002b88,3240
0x00002b8c,3240
0x00002b98,1
0x00002b9c,1
0x00002ba0,1
0x00002ba4,1
0x00002ba8,1
0x00002bac,1
0x00002bb0,1
0x00002bb4,1
0x00002bb8,1
0x00002bbc,1
0x00002bc0,1
0x00002bc4,1
0x00002bc8,1
0x00002bcc,1
0x00002bd0,1
0x00002bd4,1
0x00002bd8,1
0x00002bdc,1
0x00002be0,45
0x00002be4,45
0x00002be8,45
0x00002bec,1
0x00002bf0,1
0x00002bf4,1
0x00002bf8,1
0x00002bfc,1
0x00002c00,1
0x00002c04,1
0x00002c08,1
0x00002c0c,1
0x00002c10,1
0x00002c14,1
0x00002c18,1
0x00002c1c,1
0x00002c20,1
0x00002c24,1
0x00002c28,1
0x00002c2c,1
0x00002c30,1
0x00002c34,1
0x00002c38,1
0x00002c3c,1
0x00002c40,1
0x00002c44,10
0x00002c48,10
0x00002c4c,10
0x00002c50,10
0x00002c54,10
0x00002c58,10
0x00002c5c,10
0x00002c60,10
0x00002c64,10
0x00002c68,10
0x00002c6c,10
0x00002c70,10
0x00002c74,10
0x00002c78,10
0x00002c7c,10
0x00002c80,10
0x00002c84,10
0x00002c88,10
0x00002c8c,10
0x00002c90,10
0x00002c94,10
0x00002c98,10
0x00002c9c,10
0x00002ca0,10
0x00002ca4,10
0x00002ca8,10
0x00002cac,60
0x00002cb0,60
0x00002cb4,60
0x00002cb8,60
0x00002cbc,60
0x00002cc0,60
0x00002cc4,60
0x00002cc8,60
0x00002ccc,60
0x00002cd0,60
0x00002cd4,60
0x00002cd8,360
0x00002cdc,360
0x00002ce0,360
0x00002ce4,360
0x00002ce8,360
0x00002cec,360
0x00002cf0,360
0x00002cf4,360
0x00002cf8,360
0x00002cfc,360
0x00002d00,360
0x00002d04,360
0x00002d08,360
0x00002d0c,360
0x00002d10,1080
0x00002d14,1080
0x00002d18,1080
0x00002d1c,1080
0x00002d20,1080
0x00002d24,1080
0x00002d28,3240
0x00002d2c,3240
0x00002d30,3240
0x00002d34,3240
0x00002d38,3240
0x00002d3c,3240
0x00002d40,3240
0x00002d44,9720
0x00002d48,9720
0x00002d4c,9720
0x00002d50,9720
0x00002d54,9720
0x00002d58,9720
0x00002d5c,19440
0x00002d60,19440
0x00002d64,29160
0x00002d68,29160
0x00002d6c,29160
0x00002d70,29160
0x00002d74,29160
0x00002d78,29160
0x00002d7c,29160
0x00002d80,29160
0x00002d84,29160
0x00002d88,29160
0x00002d8c,29160
0x00002d90,29160
0x00002d94,29160
0x00002d98,29160
0x00002d9c,3240
0x00002da0,29160
0x00002da4,29160
0x00002da8,29160
0x00002dac,29160
0x00002db0,29160
0x00002db4,29160
0x00002db8,29160
0x00002dbc,29160
0x00002dc0,9720
0x00002dc4,9720
0x00002dc8,9720
0x00002dcc,9720
0x00002dd0,6480
0x00002dd4,6480
0x00002dd8,6480
0x00002ddc,6480
0x00002de0,6480
0x00002de4,6480
0x00002de8,6480
0x00002dec,6480
0x00002df0,3240
0x00002df4,3240
0x00002df8,3240
0x00002dfc,3240
0x00002e00,3240
0x00002e04,3240
0x00002e08,3240
0x00002e0c,3240
0x00002e10,3240
0x00002e14,3240
0x00002e18,3240
0x00002e1c,3240
0x00002e20,3240
0x00002e24,3240
0x00002e28,3240
0x00002e2c,3240
0x00002e30,3240
0x00002e34,3240
0x00002e38,3240
0x00002e3c,3240
0x00002e40,3240
0x00002e44,3240
0x00002e48,3240
0x00002e4c,2542
0x00002e50,3240
0x00002e54,3240
0x00002e58,3240
0x00002e5c,2160
0x00002e60,2160
0x00002e64,2160
0x00002e68,2160
0x00002e6c,2160
0x00002e70,1080
0x00002e74,1080
0x00002e78,1080
0x00002e7c,1080
0x00002e80,1080
0x00002e84,720
0x00002e88,720
0x00002e8c,720
0x00002e90,720
0x00002e94,720
0x00002e98,360
0x00002e9c,360
0x00002ea0,360
0x00002ea4,360
0x00002ea8,360
0x00002eac,360
0x00002eb0,360
0x00002eb4,360
0x00002eb8,360
0x00002ebc,360
0x00002ec0,360
0x00002ec4,360
0x00002ec8,360
0x00002ecc,360
0x00002ed0,360
0x00002ed4,360
0x00002ed8,360
0x00002edc,360
0x00002ee0,360
0x00002ee4,360
0x00002ee8,360
0x00002eec,360
0x00002ef0,360
0x00002ef4,360
0x00002ef8,360
0x00002efc,360
0x00002f00,360
0x00002f04,360
0x00002f08,360
0x00002f0c,360
0x00002f10,360
0x00002f14,360
0x00002f18,360
0x00002f1c,360
0x00002f20,360
0x00002f24,360
0x00002f28,360
0x00002f2c,360
0x00002f30,360
0x00002f34,360
0x00002f38,360
0x00002f3c,360
0x00002f40,360
0x00002f44,360
0x00002f48,45
0x00002f4c,360
0x00002f50,360
0x00002f54,360
0x00002f58,300
0x00002f5c,300
0x00002f60,300
0x00002f64,300
0x00002f68,300
0x00002f6c,60
0x00002f70,60
0x00002f74,60
0x00002f78,60
0x00002f7c,60
0x00002f80,60
0x00002f84,60
0x00002f88,10
0x00002f8c,10
0x00002f90,10
0x00002f94,10
0x00002f98,10
0x00002f9c,10
0x00002fa0,10
0x00002fa4,10
0x00002fa8,10
0x00002fac,10
0x00002fb0,1
0x00002fb4,1
0x00002fb8,1
0x00002fbc,1
0x00002fc0,1
0x00002fc4,1
0x00002fc8,1
0x00002fcc,1
0x00002fd0,1
0x00002fd4,1
0x00002fd8,1
0x00002fdc,1
0x00002fe0,1
0x00002fe4,1
0x00002fe8,1
0x00002fec,1
0x00002ff0,1
0x00002ff4,1
0x00002ff8,1
0x00002ffc,1
0x00003000,1
0x00003004,1
0x00003008,1
0x0000300c,1
0x00003010,1
0x00003014,1
0x00003018,1
0x0000301c,1
0x00003020,1
0x00003024,1
0x00003028,1
0x0000302c,1
0x00003030,1
0x00003034,1
0x00003038,1
0x0000303c,1
0x00003040,1
0x00003044,1
0x00003048,1
0x0000304c,1
0x00003050,1
0x00003054,1
0x00003058,1
0x0000305c,1
0x00003060,1
0x00003064,1
0x00003068,1
0x0000306c,1
0x00003070,10
0x00003074,10
0x00003078,10
0x0000307c,450
0x00003080,450
0x00003084,450
0x00003088,450
0x0000308c,450
0x00003090,450
0x00003094,450
0x00003098,450
0x0000309c,450
0x000030a0,450
0x000030a4,450
0x000030a8,450
0x000030ac,450
0x000030b0,450
0x000030b4,450
0x000030b8,450
0x000030bc,450
0x000030c0,450
0x000030c4,450
0x000030c8,10
0x000030cc,10
0x000030d0,10
0x000030d4,10
0x000030d8,10
0x000030dc,10
0x000030e0,10
0x000030e4,10
0x000030e8,10
0x000030ec,10
0x000030f0,10
0x000030f4,10
0x000030f8,10
0x000030fc,10
0x00003100,10
0x00003104,10
0x00003108,10
0x0000310c,10
0x00003110,3
0x00003114,3
0x00003118,10
0x0000311c,10
0x00003120,10
0x00003124,10
0x00003128,10
0x0000312c,10
0x00003130,10
0x00003134,10
0x00003138,1
0x0000313c,1
0x00003140,1
0x00003144,1
0x00003148,1
0x0000314c,1
0x00003150,1
0x00003154,1
0x00003158,1
0x0000315c,1
0x00003160,1
0x00003164,1
0x00003168,1
0x0000316c,1
0x00003170,1
0x00003174,1
0x00003178,1
0x0000317c,1
0x00003180,1
0x00003184,1
0x00003188,1
0x0000318c,1
0x00003190,1
0x00003194,1
0x00003198,1
0x0000319c,1
0x000031a0,1
0x000031a4,1
0x000031a8,1
0x000031ac,1
0x000031b0,1
0x000031b4,1
0x000031b8,1
0x000031bc,1
0x000031c0,1
0x000031c4,1
0x000031c8,1
0x000031cc,1
0x000031d0,1
0x000031d4,1
0x000031d8,1
0x000031dc,1
0x000031e0,1
0x000031e4,1
0x000031e8,1
0x000031ec,1
0x000031f0,1
0x000031f4,1
0x000031f8,1
0x000031fc,1
0x00003200,1
0x00003204,1
0x00003208,1
0x0000320c,1
0x00003210,1
0x00003214,1
0x00003218,1
0x0000321c,1
0x00003220,1
0x00003224,1
0x00003228,1
0x0000322c,1
0x00003230,1
0x00003234,1
0x00003240,1
0x00003244,1
0x00003248,1
0x0000324c,1
0x00003250,1
0x00003254,1
0x00003258,1
0x0000325c,1
0x00003260,1
0x00003264,1
0x00003268,1
0x0000326c,1
0x00003270,1
0x00003274,1
0x00003278,1
0x0000327c,1
0x00003280,1
0x00003284,1
0x00003288,1
0x0000328c,1
0x00003290,1
0x00003294,1
0x00003298,1
0x0000329c,1
0x000032a0,1
0x000032a4,1
0x000032a8,1
0x000032ac,1
0x000032b0,1
0x000032b4,1
0x000032b8,1
0x000032bc,1
0x000032c0,1
0x000032c4,1
0x000032c8,1
0x000032cc,1
0x000032d0,1
0x000032d4,1
0x000032d8,1
0x000032dc,1
0x000032e0,1
0x000032e4,1
0x000032e8,1
0x000032ec,1
0x000032f0,1
0x000032f4,1
